"forecast_id","day_1","day_2","day_3","day_4","day_5","day_6","day_7","day_8","day_9","day_10"
1,0.714710091835085,0.664104509617547,0.565652148715034,0.624937784277764,0.791974506033567,0.976434095339343,0.890615888735725,0.911952244938947,0.706232624098431,0.609708128583697
2,0.923578257921583,0.899409701683998,0.817139984719441,0.893788946653925,1.06613128704574,0.970914435258924,0.878621401448569,0.865515763711951,0.786399214352964,0.784290615807445
3,0.842281767570014,0.890841650759797,0.893202351126592,1.08175869967721,0.978412422818152,0.924894492748087,0.787594905845279,0.871865511325129,0.864292501001527,0.91119528925358
4,NA,NA,NA,NA,NA,NA,NA,NA,NA,NA
5,0.963973582533685,1.14304030509811,1.01277932380346,1.0223175469798,0.916261943371107,0.838572357822677,0.891938145980538,0.956610269061956,1.11012136289617,0.988817843883172
6,1.24092788883821,1.12737601060934,1.0373766967763,0.88742791668405,0.800553160860556,0.824552718463803,0.928581692431917,1.16752610040424,1.12761576824518,1.01159571281865
7,1.16178235903079,1.04461738601988,0.967446415048901,0.892427848300313,0.832969957302029,0.979895709087477,1.19422408816318,1.17009160022054,1.00504516261815,0.885237230271995
8,1.03964504160217,0.931370903018474,0.927945790068546,0.941708877385657,0.990282351302629,1.1613185770735,1.11432417468955,1.08968007578541,0.897335912091193,0.84593787819401
9,0.93355169351204,0.924564870463399,0.965422767371626,0.974792276660789,1.12144194642108,1.09208272159057,1.1170974271473,1.00486856216593,0.895027234269832,0.911360080519203
10,0.825830913265909,0.92126828218324,1.04442830590811,1.08671648925185,1.03405523098117,1.00658237043507,0.874549485194235,0.917078539858662,0.94730537766461,0.922203614823026
11,0.856051510292666,1.00147047871792,1.10546518638558,1.01035371004973,0.97923944184623,0.919388014218782,0.808402135998599,0.931554510193205,0.941722098428905,1.02989892808594
12,0.844186341493158,1.08975636823761,1.0724343324698,0.937277985900929,0.89404255020622,0.773144160930503,0.784951410114862,1.01312278484587,1.13851222696265,1.01099939957701
13,1.00624459921765,1.06329152298245,1.02764457789743,0.905198145149467,0.883450294984166,0.846727114722001,1.00110787987835,1.16696775585462,1.10768253577847,1.01367755996501
14,0.984781950121193,0.917794571093591,0.858128176423731,0.819317473576262,0.899548543356244,1.00894018381755,1.15535430080424,1.09937256810788,0.957726907440284,0.864642770293793
15,1.01866687970043,0.895402143456444,0.845042857549849,0.841829829202898,0.928539750900603,1.08499301211906,1.09309237357738,1.00020303102346,0.89071178502768,0.865712356548178
16,0.775019881679431,0.822204666097832,0.818310895166222,0.850074270711991,1.03214867496443,1.03720312854026,1.0174252250759,0.923366843280256,0.950746054928905,0.91949265014757
17,0.857779007138144,0.861769519838107,0.80062372088227,1.02111279339974,0.988746793990282,0.95390912344486,0.979282354845747,0.946317892877323,0.969793438368572,0.881677806482638
18,0.993970126466994,0.919093584194844,1.00879638594148,0.973960631797051,0.959592763164593,0.885510571472389,0.985505237645626,0.954060444991329,0.939311405472747,1.06489071497664
19,0.898365406013662,1.08956130865119,0.997832335845682,0.974119259712985,0.922498971066864,0.860442223817941,0.96578224691846,0.932952862287232,1.13295911186421,1.02240001667832
20,1.20303804904847,1.09513927690779,0.991111062612778,0.927901193462291,0.919035664393541,0.864640556498536,0.990064727908777,1.14394102920001,1.07825004714513,1.01581484717723
21,1.24711158798457,1.04718993927384,0.943154672341707,0.88261069046204,0.943667848885973,1.00604391519224,1.19780909417897,1.09963614423969,0.978521262063309,0.860331551374171
22,1.26408426906306,1.01094101580987,0.969246853786819,0.860485603434324,0.91442979396882,1.1172572792314,1.14972248904702,1.03741782920125,0.934741418747587,0.870903999282002
23,1.01443818837265,0.949196475092953,0.924026090590047,0.859436563314866,1.00218355203606,1.03506184158184,0.986522862305636,0.9271553326942,0.919900305875833,0.888450419536966
24,0.90175790821351,0.8947443591564,0.897439774508842,1.07653329388574,1.01661923809045,0.980742371314655,0.947940639252954,0.943295675216554,0.922705462568546,0.867340875326267
25,1.08775397255272,0.971683385749454,1.13223707982217,1.06691387611556,0.984167730457764,0.913306405225583,0.945505267612984,0.925130118695076,0.926663956257118,1.07263693127525
26,0.935640075783038,1.14161320902073,1.03171091082111,1.0084900273488,0.914204883612592,0.859281610754373,0.941370122606428,0.986051184765278,1.11921461904466,1.00492093002755
27,1.19867468376324,1.05328406161792,1.02598812206441,0.898930293995064,0.878578002907226,0.825097477573565,0.900020331003998,1.10161523930349,1.08525340283571,0.983712061724859
28,1.19686953443505,1.02838151025072,0.901231317744469,0.857267045791484,0.815924280282873,0.896381455724476,1.13814589038934,1.05584333189194,0.944873423584695,0.854596957517514
29,1.29235033815706,0.98799841429467,0.876241685168089,0.853840269958421,0.875124459880147,1.09362183647808,1.10636970814216,1.04091412875855,0.916294998574694,0.861077185394928
30,1.13313679370935,0.938537024789461,0.890223351365146,0.872963083374386,0.965561611801922,1.04113758587671,1.03731028104321,0.974257386196209,0.911348932421401,0.910604309946747
31,1.11398260886219,0.97355949840534,0.953273953541489,1.04353874136323,1.00807013335915,1.02190057231387,0.96859957501191,0.935281776984717,0.966789383464469,0.924051942165036
32,0.923648966076617,0.910224148813586,1.06473775305317,1.01545284549236,0.988868646076454,0.96249679877478,0.946347645361856,0.941425509466864,0.944309234203034,1.05020732102301
33,0.757922036214007,1.02939876309553,0.989530141027024,0.969883262488336,0.852314970269349,0.813345189584012,0.828839035055524,0.80281539352041,1.01006430345529,0.939174619265827
34,1.04098493311894,1.0696435948963,0.984004107473028,0.932866305271929,0.842894257780592,0.761945741137876,0.858918280395526,1.01657720783736,0.988934495661864,0.942651595090001
35,1.05441940976328,0.964206824747702,0.847794837995582,0.802844118488936,0.736894007234366,0.790758165402957,1.01933002274612,0.976797791929759,0.907370858579968,0.864903350444168
36,0.890681763960915,0.840288849297699,0.774313837393425,0.753745654170951,0.809650433998872,0.977936929499326,0.985913855070474,0.905890869634254,0.824748578329152,0.824471836895259
37,0.866088535213544,0.816734895471003,0.775639361610804,0.833696642170855,0.940377715333184,0.932688905467162,0.922041486425653,0.849779905398211,0.808288545423191,0.822738170840171
38,0.672800960407076,0.790759335267326,0.858713765587669,1.01979208579417,0.910310855683181,0.829021743154434,0.835259413017929,0.779071713038808,0.838071184633793,0.848840349424941
39,0.722999472245457,0.860351238123328,1.02593588392907,0.953318225632364,0.887125532815105,0.769918919240379,0.800638696011932,0.8087527562367,0.887678250084837,1.01980214123352
40,0.743444633069531,1.06944087503431,1.05247166507047,0.954343222287884,0.911970971432253,0.749397617590291,0.840150937176716,0.850892381129455,1.09890952861536,0.997933285106689
41,0.82938670658035,1.01819311796628,0.995862583054272,0.872998601414402,0.841865507111255,0.784089907722152,0.890413270452076,1.11008890536957,1.06201992828435,0.964721911858793
42,0.795802431978539,0.83146510788283,0.798493853755731,0.760807351743877,0.749084930624334,0.848557766945726,1.0386551452536,1.04407203234383,0.95631338280243,0.871126104223581
43,0.774574568769335,0.797943312113945,0.731632566320713,0.713982636116589,0.834635353401656,1.00202827236879,1.04592634781287,0.994406961030945,0.923344038867827,0.861689436324351
44,0.852013318716204,0.810377147135076,0.766421460764182,0.764996652761591,0.966684624949652,1.00430242838303,1.0326313637223,0.924417080538608,0.887783865669252,0.794955860438093
45,0.818016920711498,0.801157872037594,0.782076138600826,1.03250412504581,0.961038303429631,0.937982740660404,0.930134049949815,0.874268567054609,0.857398145415806,0.82736898390795
46,0.762957457447822,0.768475966381717,0.996222538655834,0.956049433694332,0.967040740884275,0.859279474056874,0.880429460628255,0.838711784997353,0.852483749692695,1.03771350267107
47,0.628865693363598,0.982487788283549,0.950533529246374,0.947314059389504,0.927988164752839,0.823448815932039,0.839932141392537,0.810280597206022,1.11277326530696,1.09161937710706
48,0.885927859923841,0.959167985145288,0.932398416851967,0.875712137145237,0.87791819207556,0.753820890610445,0.824870362767278,1.14667841173392,1.12962121412727,1.03187954162969
49,0.821863510738804,0.861681139688586,0.895812307108934,0.802906613334626,0.749818837090738,0.763958833141288,1.01314604985802,1.10716465279703,1.01364332640911,0.947161896624098
50,0.679943344972529,0.817084672172834,0.807753079786675,0.722451186128301,0.721248711332122,0.988480053881858,1.01430689641385,0.986848650749945,0.886351864587127,0.909183210922117
51,0.654398235528108,0.78879750034412,0.737653366850239,0.7555706291386,0.898042836076735,0.957583503890348,0.972882031726645,0.924949422142966,0.91797649260535,0.846149697187025
52,0.591423054428909,0.712115995307228,0.771435283304213,0.921775661057546,0.876290106353672,0.814184015758224,0.84867331518235,0.899531395162117,0.88011804684978,0.913764898896298
53,0.615994272736308,0.724155756099385,0.934776848870983,0.88510462113055,0.842980316771918,0.773123055769418,0.851945227203213,0.884106885639135,0.918031751585603,1.10494864507547
54,0.630165962775626,0.952023571721423,0.910972418990805,0.875070941937771,0.820048321931105,0.774410695310966,0.761117976877028,0.907444697390543,1.15741597341131,1.08707045052229
55,0.788016281684448,0.925969294832744,0.876879185914238,0.803989674855301,0.785038277560222,0.716108704384748,0.763120100621348,1.08778421419903,1.12856887107599,0.975161612021775
56,1.00443333507738,0.906696810254449,0.773294734368364,0.681070208223173,0.706804882524151,0.845831007479153,1.17615339358826,1.09558922364684,0.936965461947627,0.779932364153474
57,0.915914615139428,0.809313280969426,0.680991653792361,0.688688271813195,0.820728201270428,1.09013040578506,1.14212898206271,0.972612102449928,0.842286329289088,0.745003816921081
58,0.855379385371597,0.725396783577912,0.740495633243294,0.750934187384063,0.983727230898163,1.01950587242633,1.02480995098919,0.895429065706241,0.79571652719291,0.799183032777286
59,0.798868789253083,0.734841041456375,0.804645264259975,1.03317307967706,0.950822664980398,0.942265990597423,0.900203998533734,0.816446366403632,0.846148396941625,0.968254386653337
60,0.902637035990716,0.816208131712606,0.998347785649597,1.03445065529636,0.962402008108888,0.877859290155277,0.873319023179519,0.843566620027294,0.901436953712375,1.12192979799107
61,0.78158156762042,1.04364776271846,1.03324788200626,0.933522677057907,0.856854286008726,0.793186361164248,0.797221072898149,0.899123826884184,1.12620045860145,1.10954966755646
62,1.21658762318024,1.03134278024434,1.00002218306101,0.888676943848773,0.810149000054485,0.787775375878865,0.860894812460819,1.13146150321817,1.14194916940658,1.06434930263237
63,1.20097023258557,0.99812738913846,0.958782903454058,0.908281697049316,0.868024300084191,0.951426195199341,1.21350051907767,1.17018130856496,1.05745773317657,0.925537706094945
64,1.37311019576614,1.02293791847676,1.06377906796981,0.981278391233393,1.0217949610447,1.28351347146887,1.33368444037186,1.1834956229983,1.01692136697599,0.911449008607393
65,1.07390366906477,1.01634324506184,1.10186124479751,1.06233272377636,1.2228357202159,1.23365403167947,1.24734972647947,1.0600160130262,0.9435013373672,0.986044993337277
66,0.878403994235766,0.920267534468991,1.07429829285728,1.16044442228249,1.1993347073414,1.1288199508309,0.959978248422635,0.930501305343831,0.940745101681361,0.968624505196926
67,1.10119218921133,0.996229408431112,1.23771106523793,1.25968602980037,1.20267359979843,1.02981772903109,0.864004930329458,1.00626151562744,0.950456852847332,1.0955021648329
68,1.16472255606101,1.22646927715101,1.18326502171523,1.11453864452418,0.950979140499012,0.863378325130564,0.89024362509915,1.00467802885719,1.14005035203736,1.11481644680929
69,1.34292874788939,1.22876139501076,1.13949241105887,0.953468182556773,0.934790511194102,0.970732025380366,0.993992810124625,1.10589720154489,1.16830753794446,1.10175931495555
70,1.47249161376189,1.07719636599847,1.02929564685689,0.995253713998537,1.07676744784183,1.09467716063563,1.19716277624513,1.19979250128141,1.10505188728173,1.01643997763847
71,1.38018302142534,0.963267969431632,0.962210203816016,1.01503751340308,1.13516869058038,1.17947062524353,1.20829977862869,1.20969667963819,1.00105914968842,1.00354525383008
72,1.02364917610061,0.933636161494436,1.00351283865666,1.00000514983298,1.16889538039521,1.13536215359356,1.13066557330031,1.07924645420394,0.949795256720846,1.01394651547217
73,1.05810049313563,0.965053654888638,1.00559928092912,1.08761051552103,1.07118788135787,1.03954607375289,1.05015115014292,1.0645703836829,1.00952759817742,1.03166456617558
74,0.942128969815041,0.980429039214398,1.07593099198317,1.01345678394948,0.960387434445841,0.966529710358629,1.04056878951452,1.06157644717308,1.08698894509009,1.09038067618251
75,0.884906039511314,1.14665838460748,1.06394381798626,0.988662368477495,0.891666059355492,0.896589390483589,1.01773851178172,1.13147094638861,1.16547900847125,1.0065271978684
76,1.07651730896359,1.18755919515468,1.05691796775348,0.935949057277276,0.846950671218617,0.92355838270306,1.03700750881754,1.14992215645051,1.13067376056009,1.03208750016316
77,1.22960802579698,1.07365740986676,1.0196288062554,0.855508974813784,0.791178567701498,0.903275679044591,1.12669126762216,1.15395237247609,1.10806057229796,0.94741298468177
78,1.30552133439767,1.04517114447973,0.972707672616923,0.872778449269526,0.816487055151502,1.05702833828202,1.09789896353648,1.09952333877178,1.00806780654734,0.932619936469723
79,0.811448774149656,0.851737492541012,0.864586017289384,0.845523550463818,0.898786136539598,0.948441732864405,0.993612696101036,1.01630960067476,0.984512389531014,0.957396005378794
80,0.76021545256752,0.857282713601458,0.850023730643698,0.891943694498448,0.87374507036674,0.941690334357768,0.944684134104908,1.03592674261053,1.06941185927583,0.952838972016105
81,0.766260990640741,0.850964371845601,1.00999880499082,0.935085589045012,0.87223328865894,0.859070797917133,0.923463880995406,1.07484000908055,1.03806386263305,1.05586723824184
82,0.772091027054832,1.1220620278542,0.989124253801054,0.887591114444188,0.811824413260619,0.847839089163229,0.952917302005214,1.05950514236513,1.18593568596413,1.0360626150753
83,0.85313081072221,1.01098242695849,0.948423587387197,0.8274336611954,0.794998389767221,0.885210685839762,0.992292156657597,1.15008433805729,1.1796321368397,1.07989278894715
84,0.823648189433373,0.898501017117156,0.802238045097408,0.762009029150745,0.768167130184585,0.969007797247282,1.12938207589696,1.17638692739965,1.07578166681132,0.966649429841085
85,0.759048633038979,0.824557636099212,0.790134079419493,0.793120839918454,0.85396916208908,1.03816978330849,1.08416901034205,1.1466106355425,0.960466891013419,0.939594922781995
86,0.625800795324567,0.765868480644205,0.806676221939123,0.794587796117076,0.923852446214116,0.980666181979948,1.03860390747544,1.00463139164931,0.962833141109284,0.986612038962427
87,0.61382312130528,0.797468915496788,0.799381461374934,0.944964797698146,0.943773727465233,0.983055330580924,0.966481600497188,1.00550379391217,1.0159988013776,0.9657409177558
88,0.663502271475717,0.793827748021256,0.947242581647515,0.897550585786706,0.927569649960978,0.88357910409206,0.917344034565461,1.03326802885379,0.97485118795038,1.12571098054252
89,0.838338075918109,0.968657887952677,0.938337433569545,0.925126439258138,0.90930163550026,0.892248091291843,1.05154700922573,1.19987210747667,1.22357982462751,1.08289125010128
90,1.0056950764005,0.967473680088019,0.93510632821984,0.913406144121571,0.972785973569501,1.01878306359069,1.17533508843427,1.25378035703392,1.13669585032445,0.972960191453764
91,1.18513290403365,1.00296802859573,0.920509768006514,0.912827434455129,0.94475304278874,1.15381424004924,1.2527791912046,1.21076830898644,0.98270954693602,0.836556859832141
92,1.15293619014512,0.938070548441658,0.935660783313577,0.945225425915471,0.96402442473503,1.17699878926507,1.17600363753385,1.07863490647133,0.937114263562152,0.861571003280687
93,1.01180915356116,0.936526290217149,1.00519270221034,0.94589061045213,1.07212357481506,1.0798723617432,1.08768278552812,0.975561074237409,0.954913547116887,0.946359398740046
94,0.895212916157848,1.05798549581901,1.14966508555649,1.26481647526246,1.21807674806388,1.12346972103142,1.02558274171888,1.04940585134046,1.15044068421263,1.24103482495535
95,1.37098102356266,1.17860883613094,1.29274110236604,1.20529272929604,1.16857416980359,1.05711958519813,1.135009522583,1.29527671735916,1.25940757363038,1.36318423157525
96,1.51887176667763,1.45665987979658,1.2515364103891,1.21322663955306,1.13416590020508,1.08837948998767,1.29389818286024,1.35415378726775,1.44602366498008,1.32586525063491
97,1.5860799726724,1.30873370652049,1.22994074706347,1.10349795086097,1.19206816887631,1.283768529041,1.41705772519045,1.48057382072766,1.47315288477251,1.31414002657748
98,1.59864586189675,1.32717739886647,1.22477316711873,1.20141887588339,1.20517883598041,1.41067624382489,1.59371975952733,1.563980379154,1.39503335496788,1.29843033962527
99,1.44142971008586,1.25306910796454,1.26817433082491,1.27238277967496,1.38264619268776,1.53261130679691,1.51884876788655,1.43266002593981,1.3257387688384,1.27643673220773
100,1.41418114686026,1.3477253731977,1.44617408565468,1.38022520216209,1.51388786289417,1.59700860969918,1.45732205859246,1.37417894701665,1.30163024855914,1.34454744246028
101,1.37835815302832,1.4759785329989,1.54519526991505,1.52532007324978,1.56623573973511,1.48726181585355,1.3473715616371,1.27993078416885,1.33749438948977,1.36881899910961
102,1.55729315406954,1.56769250535591,1.66911303705086,1.59002042296398,1.55812256532756,1.39872098545506,1.28745826635957,1.28809539326995,1.38182719105632,1.44190237187532
103,1.45968193025808,1.64977067137897,1.66589535987413,1.55107655181063,1.45711691160345,1.29814874759033,1.19716034845158,1.27642673724293,1.46717570752838,1.50944126727884
104,1.54608423019192,1.64589485720545,1.56730028512402,1.39541506607167,1.30039883452022,1.29813591825733,1.39949852109886,1.50280484770772,1.51847847492935,1.45422098791122
105,1.68009394128369,1.55814456684568,1.48844871652112,1.40401857447875,1.48361695874272,1.45273356026228,1.54916336911965,1.53154924513285,1.44451820116895,1.34868276001617
106,1.58908649695771,1.4914553103515,1.46092798492017,1.4432882836061,1.48378778957021,1.47845932391001,1.4876645928172,1.45342444045249,1.38999446748783,1.37056902864139
107,1.37398825091563,1.46982070511046,1.49374682627128,1.47456412877289,1.38455770864217,1.36722253930955,1.37495528332974,1.36759382902269,1.39738435267298,1.34718005228669
108,1.28923854653857,1.3734507479894,1.38105313663165,1.27837142175116,1.23065483074183,1.22326961833988,1.26536152343599,1.34926057960834,1.43269758561641,1.378724468343
109,1.21222517932682,1.30219071786881,1.44914207177912,1.282059460654,1.21952960521683,1.15831944757341,1.23785197553115,1.32687431629351,1.42915611141106,1.43059615375352
110,1.36377717877377,1.45693663401362,1.34504022683225,1.24455344410571,1.19804542632341,1.15467441576335,1.3006588682346,1.35120095224853,1.44696316762172,1.4019066432076
111,1.60250253015197,1.5333874996974,1.29267669935381,1.18657048446957,1.17792529251276,1.16150974660342,1.31194867457577,1.43725373009411,1.42583324879895,1.30621237601088
112,1.57067201217013,1.33331326388223,1.17801779748769,1.08105835664683,1.07672330822768,1.19276087842806,1.39353252616151,1.44151392663565,1.32265674216037,1.24584784538401
113,1.41482113433593,1.28795251962391,1.20397500248802,1.12810897607671,1.09641600327337,1.27427648061094,1.30098588690949,1.36683283859436,1.23570518181999,1.21529051302257
114,1.21545693898746,1.20536532175563,1.20214223216472,1.18554946685863,1.21625690777072,1.23993576028588,1.31730561746887,1.23848783866138,1.26408893577142,1.20840434958424
115,0.994034327246934,1.17814123156689,1.20825765004538,1.30343338286191,1.26023837505383,1.28558128975213,1.1858107928567,1.215324259217,1.23636606417281,1.2735852649953
116,1.27110423818958,1.34810131022777,1.37650671697431,1.34119372548522,1.40125742602485,1.32064500309419,1.24798822346382,1.20592365349776,1.27409569232185,1.37616146205001
117,1.1233021390296,1.36294283083531,1.36571252053778,1.36278846955465,1.39624586313061,1.33636653888695,1.3371052537578,1.24469480402945,1.37988458788293,1.39525626296041
118,1.46634627473692,1.47483366152799,1.40285459450359,1.33244128832661,1.35879800716099,1.39589039751809,1.37095496813105,1.38902764068953,1.4010941453707,1.3826767675293
119,1.49321946216552,1.340790786445,1.24069045950443,1.24320869486389,1.3140765359862,1.37995505083854,1.40051990428795,1.42007869818038,1.40193022917274,1.33303483366597
120,1.39344432117438,1.22397798085142,1.1223566631846,1.19695197302378,1.24590059861336,1.36432504907105,1.35470988479834,1.40580565579613,1.34193824731067,1.28495837360196
121,1.34658572954532,1.22439314448942,1.14848453338846,1.17686589186434,1.22055914650928,1.24021711125482,1.31781452268974,1.31082675453033,1.32947395335222,1.28138640067371
122,1.2626806728186,1.22082294165179,1.30704378319998,1.30458806675953,1.22150505598535,1.21586373520921,1.27221327239621,1.28606856635927,1.29697627409614,1.27770870252589
123,1.38826096171025,1.31910364822485,1.40449337758823,1.25389830370575,1.2140500441257,1.17629575269833,1.25915713420924,1.29465080970097,1.30797458003741,1.38796508797833
124,1.27647475243228,1.43691880503916,1.34892517020367,1.28152814763768,1.27698233796595,1.19918273675468,1.2413139548181,1.2729664272066,1.44012054140325,1.45734294512893
125,1.24970766428551,1.20434099973108,1.16812542814352,1.08064636711639,1.11720086972417,1.13534753400556,1.20667243886362,1.34825846671142,1.37078075798367,1.30528695574024
126,1.23908565059827,1.15078616659558,1.1053605111563,1.07136665610885,1.16525493967821,1.14224901432572,1.2739860115013,1.30241005959164,1.23410808503686,1.1692753856594
127,1.25435611599392,1.08881858668478,1.06883435378929,1.08805817394484,1.01722147142164,1.12109472589529,1.22477433586855,1.22006093728145,1.15473609623559,1.09346059464745
128,1.07380387439985,1.05077368714529,1.06490673888698,0.985592992091884,1.00198822344407,1.05154891917331,1.13820711215068,1.10169190905373,1.11664169790938,1.06793966704124
129,0.935135795945588,1.02104942440558,1.0855196385836,1.04246069222845,1.00110863146659,0.977915749828521,1.03049410999683,1.10439109787932,1.1553452136997,1.07470457679811
130,0.92461384144979,1.04099660649345,1.25855451050771,1.0588642370731,0.990217315595304,0.945734627408841,1.02306922825268,1.10557645634646,1.16138668517715,1.21223401000339
131,0.93607432692452,1.29767929759001,1.15956858003071,1.07132666542499,0.966976479169858,0.932679465868949,1.00327027604233,1.08602735894463,1.26749655596672,1.21202628492295
